{
  "9836134e-b892-4283-b6b2-78b5acf3ed45": {
    "asset": 1568707779000,
    "meta": 1568707779000,
    "relativePath": "effects"
  },
  "430eccbf-bf2c-4e6e-8c0c-884bbb487f32": {
    "asset": 1568707779000,
    "meta": 1570710126018,
    "relativePath": "effects/__builtin-editor-gizmo-line.effect"
  },
  "6c5cf6e1-b044-4eac-9431-835644d57381": {
    "asset": 1568707779000,
    "meta": 1570710126042,
    "relativePath": "effects/__builtin-editor-gizmo-unlit.effect"
  },
  "115286d1-2e10-49ee-aab4-341583f607e8": {
    "asset": 1568707779000,
    "meta": 1570710126100,
    "relativePath": "effects/__builtin-editor-gizmo.effect"
  },
  "abc2cb62-7852-4525-a90d-d474487b88f2": {
    "asset": 1568707779000,
    "meta": 1570710126101,
    "relativePath": "effects/builtin-phong.effect"
  },
  "f8e6b000-5643-4b86-9080-aa680ce1f599": {
    "asset": 1568707779000,
    "meta": 1568707779000,
    "relativePath": "image"
  },
  "e851e89b-faa2-4484-bea6-5c01dd9f06e2": {
    "asset": 1568707779000,
    "meta": 1570710126154,
    "relativePath": "image/default_btn_normal.png"
  },
  "71561142-4c83-4933-afca-cb7a17f67053": {
    "asset": 1568707779000,
    "meta": 1570710126155,
    "relativePath": "image/default_btn_disabled.png"
  },
  "b43ff3c2-02bb-4874-81f7-f2dea6970f18": {
    "asset": 1568707779000,
    "meta": 1570710126163,
    "relativePath": "image/default_btn_pressed.png"
  },
  "edd215b9-2796-4a05-aaf5-81f96c9281ce": {
    "asset": 1568707779000,
    "meta": 1570710126162,
    "relativePath": "image/default_editbox_bg.png"
  },
  "d81ec8ad-247c-4e62-aa3c-d35c4193c7af": {
    "asset": 1568707779000,
    "meta": 1570710126170,
    "relativePath": "image/default_panel.png"
  },
  "99170b0b-d210-46f1-b213-7d9e3f23098a": {
    "asset": 1568707779000,
    "meta": 1570710126171,
    "relativePath": "image/default_progressbar_bg.png"
  },
  "cfef78f1-c8df-49b7-8ed0-4c953ace2621": {
    "asset": 1568707779000,
    "meta": 1570710126178,
    "relativePath": "image/default_progressbar.png"
  },
  "567dcd80-8bf4-4535-8a5a-313f1caf078a": {
    "asset": 1568707779000,
    "meta": 1570710126181,
    "relativePath": "image/default_radio_button_off.png"
  },
  "9d60001f-b5f4-4726-a629-2659e3ded0b8": {
    "asset": 1568707779000,
    "meta": 1570710126188,
    "relativePath": "image/default_radio_button_on.png"
  },
  "4bab67cb-18e6-4099-b840-355f0473f890": {
    "asset": 1568707779000,
    "meta": 1570710126188,
    "relativePath": "image/default_scrollbar_bg.png"
  },
  "617323dd-11f4-4dd3-8eec-0caf6b3b45b9": {
    "asset": 1568707779000,
    "meta": 1570710126198,
    "relativePath": "image/default_scrollbar_vertical_bg.png"
  },
  "d6d3ca85-4681-47c1-b5dd-d036a9d39ea2": {
    "asset": 1568707779000,
    "meta": 1570710126197,
    "relativePath": "image/default_scrollbar_vertical.png"
  },
  "0291c134-b3da-4098-b7b5-e397edbe947f": {
    "asset": 1568707779000,
    "meta": 1570710126205,
    "relativePath": "image/default_scrollbar.png"
  },
  "0275e94c-56a7-410f-bd1a-fc7483f7d14a": {
    "asset": 1568707779000,
    "meta": 1570710126207,
    "relativePath": "image/default_sprite_splash.png"
  },
  "6e056173-d285-473c-b206-40a7fff5386e": {
    "asset": 1568707779000,
    "meta": 1570710126214,
    "relativePath": "image/default_sprite.png"
  },
  "73a0903d-d80e-4e3c-aa67-f999543c08f5": {
    "asset": 1568707779000,
    "meta": 1570710126216,
    "relativePath": "image/default_toggle_checkmark.png"
  },
  "c25b9d50-c8fc-4d27-beeb-6e7c1f2e5c0f": {
    "asset": 1568707779000,
    "meta": 1570710126229,
    "relativePath": "image/default_toggle_disabled.png"
  },
  "d29077ba-1627-4a72-9579-7b56a235340c": {
    "asset": 1568707779000,
    "meta": 1570710126225,
    "relativePath": "image/default_toggle_normal.png"
  },
  "5c3eedba-6c41-4c0c-9ba7-d91f813cbd1c": {
    "asset": 1568707779000,
    "meta": 1568707779000,
    "relativePath": "materials"
  },
  "c4480a0a-6ac5-443f-8b40-361a14257fc8": {
    "asset": 1568707779000,
    "meta": 1570710126234,
    "relativePath": "materials/builtin-phong.mtl"
  },
  "fc09f9bd-2cce-4605-b630-8145ef809ed6": {
    "asset": 1568707779000,
    "meta": 1568707779000,
    "relativePath": "misc"
  },
  "b181c1e4-0a72-4a91-bfb0-ae6f36ca60bd": {
    "asset": 1568707779000,
    "meta": 1570710126240,
    "relativePath": "image/default_toggle_pressed.png"
  },
  "db019bf7-f71c-4111-98cf-918ea180cb48": {
    "asset": 1568707779000,
    "meta": 1568707779000,
    "relativePath": "model"
  },
  "e39e96e6-6f6e-413f-bcf1-ac7679bb648a": {
    "asset": 1568707779000,
    "meta": 1568707779000,
    "relativePath": "model/prefab"
  },
  "2be36297-9abb-4fee-8049-9ed5e271da8a": {
    "asset": 1568707779000,
    "meta": 1570710126267,
    "relativePath": "misc/default_video.mp4"
  },
  "a87cc147-01b2-43f8-8e42-a7ca90b0c757": {
    "asset": 1568707779000,
    "meta": 1570710126243,
    "relativePath": "model/prefab/box.prefab"
  },
  "fe1417b6-fe6b-46a4-ae7c-9fd331f33a2a": {
    "asset": 1568707779000,
    "meta": 1570710126245,
    "relativePath": "model/prefab/capsule.prefab"
  },
  "b5fc2cf2-7942-483d-be1f-bbeadc4714ad": {
    "asset": 1568707779000,
    "meta": 1570710126246,
    "relativePath": "model/prefab/cone.prefab"
  },
  "1c5e4038-953a-44c2-b620-0bbfc6170477": {
    "asset": 1568707779000,
    "meta": 1570710126249,
    "relativePath": "model/prefab/cylinder.prefab"
  },
  "3f376125-a699-40ca-ad05-04d662eaa1f2": {
    "asset": 1568707779000,
    "meta": 1570710126250,
    "relativePath": "model/prefab/plane.prefab"
  },
  "6c9ef10d-b479-420b-bfe6-39cdda6a8ae0": {
    "asset": 1568707779000,
    "meta": 1570710126252,
    "relativePath": "model/prefab/quad.prefab"
  },
  "2d9a4b85-b0ab-4c46-84c5-18f393ab2058": {
    "asset": 1568707779000,
    "meta": 1570710126255,
    "relativePath": "model/prefab/sphere.prefab"
  },
  "de510076-056b-484f-b94c-83bef217d0e1": {
    "asset": 1568707779000,
    "meta": 1570710126258,
    "relativePath": "model/prefab/torus.prefab"
  },
  "f6e6dd15-71d1-4ffe-ace7-24fd39942c05": {
    "asset": 1568707779000,
    "meta": 1568707779000,
    "relativePath": "obsolete"
  },
  "8a96b965-2dc0-4e03-aa90-3b79cb93b5b4": {
    "asset": 1568707779000,
    "meta": 1570710126278,
    "relativePath": "obsolete/atom.png"
  },
  "f743d2b6-b7ea-4c14-a55b-547ed4d0a045": {
    "asset": 1568707779000,
    "meta": 1568707779000,
    "relativePath": "particle"
  },
  "b8223619-7e38-47c4-841f-9160c232495a": {
    "asset": 1568707779000,
    "meta": 1570710126493,
    "relativePath": "obsolete/atom.plist"
  },
  "d0a82d39-bede-46c4-b698-c81ff0dedfff": {
    "asset": 1568707779000,
    "meta": 1570710126287,
    "relativePath": "particle/atom.png"
  },
  "ae6c6c98-11e4-452f-8758-75f5c6a56e83": {
    "asset": 1568707779000,
    "meta": 1568707779000,
    "relativePath": "prefab"
  },
  "b2687ac4-099e-403c-a192-ff477686f4f5": {
    "asset": 1568707779000,
    "meta": 1570710126499,
    "relativePath": "particle/atom.plist"
  },
  "972b9a4d-47ee-4c74-b5c3-61d8a69bc29f": {
    "asset": 1568707779000,
    "meta": 1570710126289,
    "relativePath": "prefab/button.prefab"
  },
  "897ef7a1-4860-4f64-968d-f5924b18668a": {
    "asset": 1568707779000,
    "meta": 1570710126291,
    "relativePath": "prefab/camera.prefab"
  },
  "2c937608-2562-40ea-b264-7395df6f0cea": {
    "asset": 1568707779000,
    "meta": 1570710126293,
    "relativePath": "prefab/canvas.prefab"
  },
  "61aeb05b-3b32-452b-8eed-2b76deeed554": {
    "asset": 1568707779000,
    "meta": 1570710126295,
    "relativePath": "prefab/editbox.prefab"
  },
  "27756ebb-3d33-44b0-9b96-e858fadd4dd4": {
    "asset": 1568707779000,
    "meta": 1570710126297,
    "relativePath": "prefab/label.prefab"
  },
  "785a442c-3ceb-45be-a46e-7317f625f3b9": {
    "asset": 1568707779000,
    "meta": 1570710126299,
    "relativePath": "prefab/layout.prefab"
  },
  "ddb99b39-7004-47cd-9705-751905c43c46": {
    "asset": 1568707779000,
    "meta": 1570710126301,
    "relativePath": "prefab/light.prefab"
  },
  "ca8401fe-ad6e-41a8-bd46-8e3e4e9945be": {
    "asset": 1568707779000,
    "meta": 1570710126303,
    "relativePath": "prefab/pageview.prefab"
  },
  "cd33edea-55f5-46c2-958d-357a01384a36": {
    "asset": 1568707779000,
    "meta": 1570710126305,
    "relativePath": "prefab/particlesystem.prefab"
  },
  "5965ffac-69da-4b55-bcde-9225d0613c28": {
    "asset": 1568707779000,
    "meta": 1570710126307,
    "relativePath": "prefab/progressBar.prefab"
  },
  "4a37dd57-78cd-4cec-aad4-f11a73d12b63": {
    "asset": 1568707779000,
    "meta": 1570710126311,
    "relativePath": "prefab/richtext.prefab"
  },
  "32044bd2-481f-4cf1-a656-e2b2fb1594eb": {
    "asset": 1568707779000,
    "meta": 1570710126314,
    "relativePath": "prefab/scrollview.prefab"
  },
  "0004d1cf-a0ad-47d8-ab17-34d3db9d35a3": {
    "asset": 1568707779000,
    "meta": 1570710126316,
    "relativePath": "prefab/slider.prefab"
  },
  "1f55e3be-b89b-4b79-88de-47fd31018044": {
    "asset": 1568707779000,
    "meta": 1570710126318,
    "relativePath": "prefab/sprite_splash.prefab"
  },
  "96083d03-c332-4a3f-9386-d03e2d19e8ee": {
    "asset": 1568707779000,
    "meta": 1570710126320,
    "relativePath": "prefab/sprite.prefab"
  },
  "7de03a80-4457-438d-95a7-3e7cdffd6086": {
    "asset": 1568707779000,
    "meta": 1570710126322,
    "relativePath": "prefab/tiledmap.prefab"
  },
  "0e42ba95-1fa1-46aa-b2cf-143cd1bcee2c": {
    "asset": 1568707779000,
    "meta": 1570710126325,
    "relativePath": "prefab/tiledtile.prefab"
  },
  "0d784963-d024-4ea6-a7db-03be0ad63010": {
    "asset": 1568707779000,
    "meta": 1570710126328,
    "relativePath": "prefab/toggle.prefab"
  },
  "bf0a434c-84dd-4a8e-a08a-7a36f180cc75": {
    "asset": 1568707779000,
    "meta": 1570710126330,
    "relativePath": "prefab/toggleContainer.prefab"
  },
  "d1b8be49-b0a0-435c-83b7-552bed4bbe35": {
    "asset": 1568707779000,
    "meta": 1570710126332,
    "relativePath": "prefab/toggleGroup.prefab"
  },
  "232d2782-c4bd-4bb4-9e01-909f03d6d3b9": {
    "asset": 1568707779000,
    "meta": 1570710126334,
    "relativePath": "prefab/videoplayer.prefab"
  },
  "d8afc78c-4eac-4a9f-83dd-67bc70344d33": {
    "asset": 1568707779000,
    "meta": 1568707779000,
    "relativePath": "resources"
  },
  "8c5001fd-07ee-4a4b-a8a0-63e15195e94d": {
    "asset": 1568707779000,
    "meta": 1570710126336,
    "relativePath": "prefab/webview.prefab"
  },
  "294c1663-4adf-4a1e-a795-53808011a38a": {
    "asset": 1568707779000,
    "meta": 1568707779000,
    "relativePath": "resources/effects"
  },
  "144c3297-af63-49e8-b8ef-1cfa29b3be28": {
    "asset": 1568707779000,
    "meta": 1570710126345,
    "relativePath": "resources/effects/builtin-2d-gray-sprite.effect"
  },
  "0e93aeaa-0b53-4e40-b8e0-6268b4e07bd7": {
    "asset": 1568707779000,
    "meta": 1570710126351,
    "relativePath": "resources/effects/builtin-2d-spine.effect"
  },
  "2874f8dd-416c-4440-81b7-555975426e93": {
    "asset": 1568707779000,
    "meta": 1570710126356,
    "relativePath": "resources/effects/builtin-2d-sprite.effect"
  },
  "c0040c95-c57f-49cd-9cbc-12316b73d0d4": {
    "asset": 1568707779000,
    "meta": 1570710126374,
    "relativePath": "resources/effects/builtin-clear-stencil.effect"
  },
  "79eafaef-b7ef-45d9-9c3f-591dc836fc7a": {
    "asset": 1568707779000,
    "meta": 1570710126399,
    "relativePath": "resources/effects/builtin-unlit-transparent.effect"
  },
  "6d91e591-4ce0-465c-809f-610ec95019c6": {
    "asset": 1568707779000,
    "meta": 1570710126438,
    "relativePath": "resources/effects/builtin-unlit.effect"
  },
  "bbee2217-c261-49bd-a8ce-708d6bcc3500": {
    "asset": 1568707779000,
    "meta": 1568707779000,
    "relativePath": "resources/materials"
  },
  "6f801092-0c37-4f30-89ef-c8d960825b36": {
    "asset": 1568707779000,
    "meta": 1570710126443,
    "relativePath": "resources/materials/builtin-2d-base.mtl"
  },
  "3a7bb79f-32fd-422e-ada2-96f518fed422": {
    "asset": 1568707779000,
    "meta": 1570710126445,
    "relativePath": "resources/materials/builtin-2d-gray-sprite.mtl"
  },
  "7afd064b-113f-480e-b793-8817d19f63c3": {
    "asset": 1568707779000,
    "meta": 1570710126454,
    "relativePath": "resources/materials/builtin-2d-spine.mtl"
  },
  "eca5d2f2-8ef6-41c2-bbe6-f9c79d09c432": {
    "asset": 1568707779000,
    "meta": 1570710126466,
    "relativePath": "resources/materials/builtin-2d-sprite.mtl"
  },
  "cf7e0bb8-a81c-44a9-ad79-d28d43991032": {
    "asset": 1568707779000,
    "meta": 1570710126469,
    "relativePath": "resources/materials/builtin-clear-stencil.mtl"
  },
  "2a296057-247c-4a1c-bbeb-0548b6c98650": {
    "asset": 1568707779000,
    "meta": 1570710126473,
    "relativePath": "resources/materials/builtin-unlit.mtl"
  },
  "954fec8b-cd16-4bb9-a3b7-7719660e7558": {
    "asset": 1568707779000,
    "meta": 1570710129081,
    "relativePath": "model/primitives.fbx"
  },
  "9ee4a71b-8a0b-459c-a509-2899ac14b7da": {
    "asset": 1570765005533,
    "meta": 1570765005541,
    "relativePath": "resources/script/scenes/GameMain.fire"
  },
  "cfccb92a-0f2b-473c-8a82-830b6e6bbd23": {
    "asset": 1569208901410,
    "meta": 1569208901409,
    "relativePath": "resources"
  },
  "1a9412b5-ebe2-4ff3-96d2-3c0a1d744b0b": {
    "asset": 1570699594583,
    "meta": 1569208901409,
    "relativePath": "resources/data"
  },
  "690c0b73-d7ed-437b-adb8-7a0eb9de3bb0": {
    "asset": 1569208701009,
    "meta": 1569208901410,
    "relativePath": "resources/data/img_authorize"
  },
  "634e9d0a-5d83-4509-9841-2808fd108f1a": {
    "asset": 1569499397775,
    "meta": 1569208901410,
    "relativePath": "resources/data/loading"
  },
  "ee8d378e-fc24-4043-b5b4-dfe5ceb02234": {
    "asset": 1569490641689,
    "meta": 1569208901410,
    "relativePath": "resources/data/subpackage"
  },
  "73646b85-28d7-4f56-9b20-fa7a7ca8cf67": {
    "asset": 1570676323482,
    "meta": 1569208901410,
    "relativePath": "resources/script"
  },
  "48d197a4-1ce1-4c80-a4b7-db0010bb0a68": {
    "asset": 1570525469593,
    "meta": 1569208901411,
    "relativePath": "resources/script/gameplay"
  },
  "3df14871-8985-4e60-8325-bfcc77b28e1e": {
    "asset": 1570536454995,
    "meta": 1569208901411,
    "relativePath": "resources/script/menus"
  },
  "d333d125-1e13-4efc-a1c4-1d90fab17305": {
    "asset": 1569209117899,
    "meta": 1569208901411,
    "relativePath": "resources/script/scenes"
  },
  "dd0a8bdf-182f-4d1a-b774-89824bcd7ac7": {
    "asset": 1570763653311,
    "meta": 1570763653316,
    "relativePath": "resources/script/menus/MainMenu.prefab"
  },
  "ab52b128-2653-40d0-8837-463fbb333728": {
    "asset": 1570696297512,
    "meta": 1569376659634,
    "relativePath": "resources/data/subpackage/gameplay"
  },
  "03bdf3f0-b24b-488e-89ed-8a9233d59f08": {
    "asset": 1558663114608,
    "meta": 1569377288367,
    "relativePath": "resources/data/subpackage/common/game_collection_001.png"
  },
  "3594842c-d387-4349-b2bd-0a80c6eb60d2": {
    "asset": 1561014354671,
    "meta": 1569377080588,
    "relativePath": "resources/data/subpackage/common/game_img_gold.png"
  },
  "79da1897-e0b5-4dc1-9c8c-e335c25fac5a": {
    "asset": 1560512852000,
    "meta": 1569377089550,
    "relativePath": "resources/data/subpackage/common/game_img_bg.png"
  },
  "0d4b1baa-f611-498f-ba15-8a4956f40c75": {
    "asset": 1561031606000,
    "meta": 1569376889540,
    "relativePath": "resources/data/subpackage/menus/mainmenu_btn_setup.png"
  },
  "7f428044-7e66-49ea-ab75-2772ac16b317": {
    "asset": 1561031608000,
    "meta": 1569376889543,
    "relativePath": "resources/data/subpackage/menus/mainmenu_btn_moregame_9.png"
  },
  "a712321d-0e37-4eb5-a74a-72c33c515887": {
    "asset": 1561031598000,
    "meta": 1569376889552,
    "relativePath": "resources/data/subpackage/menus/mainmenu_btn_turntable.png"
  },
  "4117b6a2-c5c5-46e4-bdf4-c8b51024e80c": {
    "asset": 1561693265974,
    "meta": 1569376889554,
    "relativePath": "resources/data/subpackage/menus/mainmenu_btn_start.png"
  },
  "c91301bb-cffb-4b5c-9260-1d492e09d045": {
    "asset": 1561031596000,
    "meta": 1569376889561,
    "relativePath": "resources/data/subpackage/menus/mainmenu_moreinfo_btn_moregame.png"
  },
  "9bddf193-84d2-4b89-9797-58fb29b3e577": {
    "asset": 1561693267033,
    "meta": 1569376889565,
    "relativePath": "resources/data/subpackage/menus/mainmenu_img_tile.png"
  },
  "2bd2e23d-5358-46c0-8554-55fa99a85a3f": {
    "asset": 1561031592000,
    "meta": 1569376889567,
    "relativePath": "resources/data/subpackage/menus/mainmenu_moreinfo_btn_rank.png"
  },
  "1cee5cff-b7bd-41ac-a9e3-0a7991d814b7": {
    "asset": 1561031594000,
    "meta": 1569376889574,
    "relativePath": "resources/data/subpackage/menus/mainmenu_moreinfo_btn_signin.png"
  },
  "d220e98a-1503-48b7-af37-f3ab349866ca": {
    "asset": 1561031600000,
    "meta": 1569376889578,
    "relativePath": "resources/data/subpackage/menus/mainmenu_skin_item_img_bg.png"
  },
  "e728b653-b490-4562-9260-5f407ff7479f": {
    "asset": 1561031602000,
    "meta": 1569376889579,
    "relativePath": "resources/data/subpackage/menus/mainmenu_skin_item_img_toggle_bg.png"
  },
  "d9e9360a-8d2f-4e28-96be-c48b4c6a805a": {
    "asset": 1561031604000,
    "meta": 1569376889584,
    "relativePath": "resources/data/subpackage/menus/mainmenu_skin_item_img_toggle.png"
  },
  "1fdae724-ba21-4036-a31d-d8282a8bf279": {
    "asset": 1560908200000,
    "meta": 1569376889592,
    "relativePath": "resources/data/subpackage/menus/resultmenu_btn_again.png"
  },
  "565f9132-499d-4d95-afdb-609e26d91e48": {
    "asset": 1560994498838,
    "meta": 1569376889599,
    "relativePath": "resources/data/subpackage/menus/resultmenu_btn_continue.png"
  },
  "1b1b2d9e-4d90-4ca1-92ae-62abfcc2eeed": {
    "asset": 1561367216000,
    "meta": 1569376889601,
    "relativePath": "resources/data/subpackage/menus/rankmenu_img_bg.png"
  },
  "8f16b2e9-1bea-4f8a-9c39-0dd9e631a4d8": {
    "asset": 1560994500088,
    "meta": 1569376889609,
    "relativePath": "resources/data/subpackage/menus/resultmenu_btn_share.png"
  },
  "553eaf55-ef1a-4d6b-a3b9-361c91e76732": {
    "asset": 1560908204000,
    "meta": 1569376889614,
    "relativePath": "resources/data/subpackage/menus/resultmenu_img_desc_bg.png"
  },
  "a04fa251-8cb8-4bba-be1f-dbab16a0d017": {
    "asset": 1561367204000,
    "meta": 1569376889617,
    "relativePath": "resources/data/subpackage/menus/signinmenu_btn_signin.png"
  },
  "136147a5-8be3-4692-b0ca-d1a72b659cd2": {
    "asset": 1561367210000,
    "meta": 1569376889622,
    "relativePath": "resources/data/subpackage/menus/signinmenu_toggle_bg.png"
  },
  "2ab45642-99ce-4365-9590-e573df5bb579": {
    "asset": 1561367208000,
    "meta": 1569376889624,
    "relativePath": "resources/data/subpackage/menus/signinmenu_toggle_point.png"
  },
  "e1e0e956-6523-44d5-b131-37fedb7e604a": {
    "asset": 1561607458000,
    "meta": 1569376889635,
    "relativePath": "resources/data/subpackage/menus/turntablemenu_btn_freestart.png"
  },
  "6d340a9f-d70b-4fe5-9e12-d6a27c79ef5e": {
    "asset": 1561607472000,
    "meta": 1569376889635,
    "relativePath": "resources/data/subpackage/menus/turntablemenu_btn_videostart.png"
  },
  "e4c79c5e-0867-49b4-bb29-e09f25403154": {
    "asset": 1569377317313,
    "meta": 1569376945038,
    "relativePath": "resources/data/subpackage/common"
  },
  "440029d0-04c5-485d-ab01-2d7007ee0ed9": {
    "asset": 1569377270441,
    "meta": 1569377293784,
    "relativePath": "resources/data/subpackage/common/game_collection_002.png"
  },
  "28abf0de-7dbd-4d42-a772-2c0d9dc5b742": {
    "asset": 1569377270904,
    "meta": 1569377297528,
    "relativePath": "resources/data/subpackage/common/game_collection_003.png"
  },
  "3357c389-57cf-47fa-9120-8e57db46e9b8": {
    "asset": 1569377271177,
    "meta": 1569377301748,
    "relativePath": "resources/data/subpackage/common/game_collection_004.png"
  },
  "8bfc123b-24b5-4a2d-9494-14a91a4006fc": {
    "asset": 1569377271384,
    "meta": 1569377307155,
    "relativePath": "resources/data/subpackage/common/game_collection_005.png"
  },
  "236f37b1-2809-4375-84f9-330fa8336bf8": {
    "asset": 1569377271603,
    "meta": 1569377313579,
    "relativePath": "resources/data/subpackage/common/game_collection_006.png"
  },
  "436887e3-2968-4b04-8dc5-e1dbe29e7848": {
    "asset": 1569377271802,
    "meta": 1569377317326,
    "relativePath": "resources/data/subpackage/common/game_collection_007.png"
  },
  "70e4c6fc-00df-4a9c-a5d4-b5a102f2de04": {
    "asset": 1570586064329,
    "meta": 1569479686979,
    "relativePath": "resources/data/animation"
  },
  "6c6fd0b2-2eb7-42d0-8683-584a843851f5": {
    "asset": 1569490677082,
    "meta": 1569490636113,
    "relativePath": "resources/data/subpackage/menus"
  },
  "cbb2eda6-c9b4-4d0d-9a43-22b9657b9cfc": {
    "asset": 1569498492320,
    "meta": 1569498540773,
    "relativePath": "resources/data/subpackage/gameplay/gameplay_map_grass.png"
  },
  "78446b9c-e2e6-4821-bc10-6fd768f1a28b": {
    "asset": 1569499388139,
    "meta": 1569499397812,
    "relativePath": "resources/data/loading/loadingmenu_img_bg.png"
  },
  "b4e96442-a524-45d8-9fbb-e9e941b9ed95": {
    "asset": 1569570901525,
    "meta": 1569570922689,
    "relativePath": "resources/data/subpackage/gameplay/gameplay_house_1.png"
  },
  "1183034a-666d-447f-af2c-c3ab0a0b69f2": {
    "asset": 1569574133670,
    "meta": 1569574133673,
    "relativePath": "resources/data/subpackage/gameplay/AutoAtlas.pac"
  },
  "7bf3113e-3fab-4a24-9ee7-158ddca6b570": {
    "asset": 1570708832997,
    "meta": 1570676323482,
    "relativePath": "resources/script/base"
  },
  "aba3817c-64da-4b2c-90bb-c03add3dc16e": {
    "asset": 1570677571753,
    "meta": 1570677723410,
    "relativePath": "resources/script/base/BaseLayer.js"
  },
  "4923a961-ff3d-4b0b-8a07-c9efbdccecad": {
    "asset": 1570693572529,
    "meta": 1570693590642,
    "relativePath": "resources/data/subpackage/gameplay/gameplay_map_ground.png"
  },
  "9f92c075-7762-497b-893c-8ef1f35a6218": {
    "asset": 1570693572538,
    "meta": 1570693590649,
    "relativePath": "resources/data/subpackage/gameplay/npc_bird_1_1.png"
  },
  "39bacc3c-17bf-4b31-9f46-2f70ba26d00f": {
    "asset": 1570693572807,
    "meta": 1570693590668,
    "relativePath": "resources/data/subpackage/gameplay/gameplay_img_bg.png"
  },
  "5f566c78-6f20-4a3d-a958-69465e05ab83": {
    "asset": 1570696041474,
    "meta": 1570696298518,
    "relativePath": "resources/data/subpackage/gameplay/npc_bird_1_2.png"
  },
  "bdeabf54-4596-4719-a092-039d10bae0b3": {
    "asset": 1570699594602,
    "meta": 1570699594583,
    "relativePath": "resources/data/spine"
  },
  "d17a017f-c052-4791-a11b-8963fea5bfec": {
    "asset": 1570711557811,
    "meta": 1570711565370,
    "relativePath": "resources/script/base/UiAdapter.js"
  },
  "c1031377-437d-4cd7-b4ea-9e4d4f6477df": {
    "asset": 1570765026064,
    "meta": 1570765026068,
    "relativePath": "resources/script/gameplay/GamePlay.prefab"
  },
  "a469d980-72d2-4fb4-8e98-3e114e9d175c": {
    "asset": 1570763064646,
    "meta": 1570763073004,
    "relativePath": "resources/script/base/BaseUtils.js"
  },
  "532c8dc1-42b4-48ac-b99e-765958a87fff": {
    "asset": 1570764367865,
    "meta": 1570764384302,
    "relativePath": "resources/script/menus/MainMenu.js"
  },
  "e74db0e1-20bb-4a7a-a871-c68d2f521d2b": {
    "asset": 1570764378768,
    "meta": 1570764384304,
    "relativePath": "resources/script/scenes/GameMain.js"
  },
  "cdefa3f8-1a43-4011-bf07-52177368823d": {
    "asset": 1570764609224,
    "meta": 1570764621261,
    "relativePath": "resources/script/base/BasePlatform.js"
  },
  "ee618bcc-9d6f-419e-8d72-76137cec2e0c": {
    "asset": 1570764678876,
    "meta": 1570764679739,
    "relativePath": "resources/script/base/BaseConfig.js"
  },
  "a570283b-04a2-41e7-95d2-2597d887cd54": {
    "asset": 1570764840033,
    "meta": 1570764916649,
    "relativePath": "resources/script/gameplay/GamePlay.js"
  }
}