{
  "__type__": "cc.JsonAsset",
  "_name": "test2",
  "_objFlags": 0,
  "_native": "",
  "json": [
    {
      "appid": "wx9721aea3ba1993aa",
      "appid_skip": null,
      "extData": null,
      "icon_img": "icon_10183_qmgsc.png",
      "name": "全民过山车",
      "name_skip": null,
      "path": "page/index/index?channel=1329",
      "user_num": "662万人在玩"
    },
    {
      "appid": "wxc7276bf6fde31b94",
      "appid_skip": null,
      "extData": null,
      "icon_img": "icon_10225_wzdq.png",
      "name": "王者搭桥",
      "name_skip": null,
      "path": null,
      "user_num": "420万人在玩"
    },
    {
      "appid": "wx51c9465b2464120f",
      "appid_skip": null,
      "extData": null,
      "icon_img": "icon_10233_mrbns.png",
      "name": "末日避难所",
      "name_skip": null,
      "path": "pages/index/index?channel=wxcccccccccccc2018",
      "user_num": "530万人在玩"
    },
    {
      "appid": "wx6c8d225463780b34",
      "appid_skip": null,
      "extData": null,
      "icon_img": "icon_10317_jsds.png",
      "name": "极速的士3D ",
      "name_skip": null,
      "path": "pages/index/index",
      "user_num": "545万人在玩"
    },
    {
      "appid": "wx3bfe9adabdc6fa3c",
      "appid_skip": null,
      "extData": null,
      "icon_img": "icon_gqk10039_jsg.png",
      "name": "挤水果",
      "name_skip": null,
      "path": "pages/index/index?chanId=679&subCid=0",
      "user_num": "537万人在玩"
    },
    {
      "appid": "wx4bc1b55dedb9628f",
      "appid_skip": null,
      "extData": null,
      "icon_img": "icon_gqk10043_bxgd.png",
      "name": "变形果冻",
      "name_skip": null,
      "path": null,
      "user_num": "541万人在玩"
    },
    {
      "appid": "wx60e00178879d518d",
      "appid_skip": null,
      "extData": null,
      "icon_img": "icon_10098_yccr.png",
      "name": "一锤超人",
      "name_skip": null,
      "path": null,
      "user_num": "623万人在玩"
    },
    {
      "appid": "wx345bfb53b53d15fd",
      "appid_skip": null,
      "extData": null,
      "icon_img": "icon_10099_zdtg.png",
      "name": "子弹特工",
      "name_skip": null,
      "path": null,
      "user_num": "534万人在玩"
    },
    {
      "appid": "wx9721aea3ba1993aa",
      "appid_skip": null,
      "extData": null,
      "icon_img": "icon_10183_qmgsc.png",
      "name": "全民过山车",
      "name_skip": null,
      "path": "page/index/index?channel=1329",
      "user_num": "662万人在玩"
    },
    {
      "appid": "wxc7276bf6fde31b94",
      "appid_skip": null,
      "extData": null,
      "icon_img": "icon_10225_wzdq.png",
      "name": "王者搭桥",
      "name_skip": null,
      "path": null,
      "user_num": "420万人在玩"
    }
  ]
}