{
  "version": "1.1.1",
  "windows": {
    "main": {
      "main": true,
      "url": "app://editor/index.html",
      "windowType": "dockable",
      "x": 0,
      "y": 23,
      "width": 1440,
      "height": 877,
      "layout": {
        "children": [
          {
            "children": [
              {
                "active": 0,
                "children": [
                  "hierarchy"
                ],
                "height": 373,
                "type": "panel",
                "width": 314
              },
              {
                "active": 0,
                "children": [
                  "assets"
                ],
                "height": 420,
                "type": "panel",
                "width": 314
              }
            ],
            "height": 796,
            "type": "dock-v",
            "width": 314
          },
          {
            "active": 0,
            "children": [
              "inspector"
            ],
            "height": 796,
            "type": "panel",
            "width": 304
          },
          {
            "children": [
              {
                "children": [
                  {
                    "active": 0,
                    "children": [
                      "node-library"
                    ],
                    "height": 527,
                    "type": "panel",
                    "width": 278
                  },
                  {
                    "active": 0,
                    "children": [
                      "scene"
                    ],
                    "height": 527,
                    "type": "panel",
                    "width": 534.984375
                  }
                ],
                "height": 527,
                "type": "dock-h",
                "width": 816
              },
              {
                "active": 0,
                "children": [
                  "console",
                  "timeline",
                  "game-window"
                ],
                "height": 266,
                "type": "panel",
                "width": 816
              }
            ],
            "height": 796,
            "type": "dock-v",
            "width": 816
          }
        ],
        "type": "dock-h"
      },
      "panels": [
        "hierarchy",
        "assets",
        "inspector",
        "scene",
        "node-library",
        "console",
        "timeline",
        "game-window"
      ]
    }
  },
  "panels": {
    "project-settings": {
      "x": 396,
      "y": 158,
      "width": 1560,
      "height": 923
    },
    "builder": {
      "x": 812,
      "y": 160,
      "width": 654,
      "height": 722
    },
    "cocos-services": {
      "x": 570,
      "y": 162,
      "width": 304,
      "height": 578
    }
  },
  "panelLabelWidth.inspector": null,
  "panelLabelWidth": {
    "inspector": null
  }
}
