{
  "version": "1.1.1",
  "windows": {
    "worker": {},
    "main": {
      "main": true,
      "url": "app://editor/index.html",
      "windowType": "dockable",
      "x": 83,
      "y": 26,
      "width": 2331,
      "height": 1336,
      "layout": {
        "children": [
          {
            "children": [
              {
                "active": 0,
                "children": [
                  "hierarchy"
                ],
                "height": 590,
                "type": "panel",
                "width": 353
              },
              {
                "active": 0,
                "children": [
                  "assets"
                ],
                "height": 662,
                "type": "panel",
                "width": 353
              }
            ],
            "height": 1254,
            "type": "dock-v",
            "width": 353
          },
          {
            "children": [
              {
                "children": [
                  {
                    "active": 0,
                    "children": [
                      "scene"
                    ],
                    "height": 766,
                    "type": "panel",
                    "width": 1403.984375
                  },
                  {
                    "active": 0,
                    "children": [
                      "node-library"
                    ],
                    "height": 766,
                    "type": "panel",
                    "width": 264
                  }
                ],
                "height": 766,
                "type": "dock-h",
                "width": 1670
              },
              {
                "active": 0,
                "children": [
                  "console",
                  "timeline",
                  "game-window"
                ],
                "height": 486,
                "type": "panel",
                "width": 1670
              }
            ],
            "height": 1254,
            "type": "dock-v",
            "width": 1670
          },
          {
            "active": 0,
            "children": [
              "inspector",
              "cocos-services"
            ],
            "height": 1254,
            "type": "panel",
            "width": 304
          }
        ],
        "type": "dock-h"
      },
      "panels": [
        "hierarchy",
        "assets",
        "node-library",
        "console",
        "timeline",
        "game-window",
        "inspector",
        "cocos-services",
        "scene"
      ]
    },
    "window-1570764642142": {}
  },
  "panels": {
    "project-settings": {
      "x": 396,
      "y": 158,
      "width": 1560,
      "height": 923
    },
    "builder": {
      "x": 812,
      "y": 160,
      "width": 654,
      "height": 722
    }
  }
}