{
  "mtimes": {
    "1183034a-666d-447f-af2c-c3ab0a0b69f2": {
      "assetMtime": 1569574133670,
      "metaMtime": 1569574133673
    },
    "062fd66f-ece1-440c-a7cb-d43e8a91d8ed": {
      "assetMtime": 1569498989450,
      "metaMtime": 1569499023095
    },
    "9f92c075-7762-497b-893c-8ef1f35a6218": {
      "assetMtime": 1569498989450,
      "metaMtime": 1569499023095
    },
    "24a10166-d060-4ab4-b90d-75454d3f61f4": {
      "assetMtime": 1569498999793,
      "metaMtime": 1569499023098
    },
    "5f566c78-6f20-4a3d-a958-69465e05ab83": {
      "assetMtime": 1569498999793,
      "metaMtime": 1569499023098
    },
    "681cb8b8-c07d-42dc-b4b4-30b517f76a49": {
      "assetMtime": 1569570901525,
      "metaMtime": 1569570922689
    },
    "b4e96442-a524-45d8-9fbb-e9e941b9ed95": {
      "assetMtime": 1569570901525,
      "metaMtime": 1569570922689
    },
    "b5732be7-1de1-49b4-acf2-54b558ce57ee": {
      "assetMtime": 1569498492320,
      "metaMtime": 1569498540773
    },
    "cbb2eda6-c9b4-4d0d-9a43-22b9657b9cfc": {
      "assetMtime": 1569498492320,
      "metaMtime": 1569498540773
    },
    "c7fda8e4-3ff4-4984-b7ec-088142a05ca7": {
      "assetMtime": 1569498443468,
      "metaMtime": 1569498516717
    },
    "4923a961-ff3d-4b0b-8a07-c9efbdccecad": {
      "assetMtime": 1569498443468,
      "metaMtime": 1569498516717
    },
    "cef4855b-e375-4850-b566-a542cc679594": {
      "assetMtime": 1569570684577,
      "metaMtime": 1569570688977
    },
    "39bacc3c-17bf-4b31-9f46-2f70ba26d00f": {
      "assetMtime": 1569570684577,
      "metaMtime": 1569570688977
    }
  },
  "result": {
    "name": "AutoAtlas",
    "width": 1024,
    "height": 1024,
    "ver": "1.2.0",
    "uuid": "1183034a-666d-447f-af2c-c3ab0a0b69f2",
    "maxWidth": 1024,
    "maxHeight": 1024,
    "padding": 2,
    "allowRotation": true,
    "forceSquared": false,
    "powerOfTwo": false,
    "algorithm": "MaxRects",
    "format": "png",
    "quality": 80,
    "contourBleed": true,
    "paddingBleed": true,
    "filterUnused": false,
    "platformSettings": {},
    "subMetas": {},
    "bleed": 1,
    "atlases": [
      {
        "files": [
          {
            "name": "gameplay_house_1",
            "uuid": "681cb8b8-c07d-42dc-b4b4-30b517f76a49",
            "textureUuid": "b4e96442-a524-45d8-9fbb-e9e941b9ed95",
            "path": "/Developer/Work/Work_Creator_2.1.3/fangkuainiao_wx/fkn_wx/temp/trimImages/spritesheet_js_1569574137250_image_2.png",
            "trim": {
              "x": 3,
              "y": 3,
              "width": 577,
              "height": 811,
              "rotatedWidth": 577,
              "rotatedHeight": 811
            },
            "rawWidth": 577,
            "rawHeight": 811,
            "width": 583,
            "height": 817,
            "originalPath": "/Developer/Work/Work_Creator_2.1.3/fangkuainiao_wx/fkn_wx/library/imports/b4/b4e96442-a524-45d8-9fbb-e9e941b9ed95.png",
            "x": 0,
            "y": 0,
            "rotatedWidth": 583,
            "rotatedHeight": 817
          },
          {
            "name": "gameplay_map_ground",
            "uuid": "c7fda8e4-3ff4-4984-b7ec-088142a05ca7",
            "textureUuid": "4923a961-ff3d-4b0b-8a07-c9efbdccecad",
            "path": "/Developer/Work/Work_Creator_2.1.3/fangkuainiao_wx/fkn_wx/temp/trimImages/spritesheet_js_1569574137251_image_4.png",
            "trim": {
              "x": 3,
              "y": 820,
              "width": 64,
              "height": 64,
              "rotatedWidth": 64,
              "rotatedHeight": 64
            },
            "rawWidth": 64,
            "rawHeight": 64,
            "width": 70,
            "height": 70,
            "originalPath": "/Developer/Work/Work_Creator_2.1.3/fangkuainiao_wx/fkn_wx/library/imports/49/4923a961-ff3d-4b0b-8a07-c9efbdccecad.png",
            "x": 0,
            "y": 817,
            "rotatedWidth": 70,
            "rotatedHeight": 70
          },
          {
            "name": "gameplay_map_grass",
            "uuid": "b5732be7-1de1-49b4-acf2-54b558ce57ee",
            "textureUuid": "cbb2eda6-c9b4-4d0d-9a43-22b9657b9cfc",
            "path": "/Developer/Work/Work_Creator_2.1.3/fangkuainiao_wx/fkn_wx/temp/trimImages/spritesheet_js_1569574137250_image_3.png",
            "trim": {
              "x": 73,
              "y": 820,
              "width": 64,
              "height": 20,
              "rotatedWidth": 64,
              "rotatedHeight": 20
            },
            "rawWidth": 64,
            "rawHeight": 20,
            "width": 70,
            "height": 26,
            "originalPath": "/Developer/Work/Work_Creator_2.1.3/fangkuainiao_wx/fkn_wx/library/imports/cb/cbb2eda6-c9b4-4d0d-9a43-22b9657b9cfc.png",
            "x": 70,
            "y": 817,
            "rotatedWidth": 70,
            "rotatedHeight": 26
          },
          {
            "name": "npc_brid_1_1",
            "uuid": "062fd66f-ece1-440c-a7cb-d43e8a91d8ed",
            "textureUuid": "9f92c075-7762-497b-893c-8ef1f35a6218",
            "path": "/Developer/Work/Work_Creator_2.1.3/fangkuainiao_wx/fkn_wx/temp/trimImages/spritesheet_js_1569574137242_image_0.png",
            "trim": {
              "x": 143,
              "y": 820,
              "width": 48,
              "height": 48,
              "rotatedWidth": 48,
              "rotatedHeight": 48
            },
            "rawWidth": 64,
            "rawHeight": 64,
            "width": 54,
            "height": 54,
            "originalPath": "/Developer/Work/Work_Creator_2.1.3/fangkuainiao_wx/fkn_wx/library/imports/9f/9f92c075-7762-497b-893c-8ef1f35a6218.png",
            "x": 140,
            "y": 817,
            "rotatedWidth": 54,
            "rotatedHeight": 54
          },
          {
            "name": "npc_brid_1_2",
            "uuid": "24a10166-d060-4ab4-b90d-75454d3f61f4",
            "textureUuid": "5f566c78-6f20-4a3d-a958-69465e05ab83",
            "path": "/Developer/Work/Work_Creator_2.1.3/fangkuainiao_wx/fkn_wx/temp/trimImages/spritesheet_js_1569574137249_image_1.png",
            "trim": {
              "x": 73,
              "y": 846,
              "width": 32,
              "height": 32,
              "rotatedWidth": 32,
              "rotatedHeight": 32
            },
            "rawWidth": 64,
            "rawHeight": 64,
            "width": 38,
            "height": 38,
            "originalPath": "/Developer/Work/Work_Creator_2.1.3/fangkuainiao_wx/fkn_wx/library/imports/5f/5f566c78-6f20-4a3d-a958-69465e05ab83.png",
            "x": 70,
            "y": 843,
            "rotatedWidth": 38,
            "rotatedHeight": 38
          }
        ],
        "width": 583,
        "height": 887,
        "name": "AutoAtlas-1",
        "imagePath": "/Developer/Work/Work_Creator_2.1.3/fangkuainiao_wx/fkn_wx/temp/TexturePacker/preview/resources/data/subpackage/gameplay/AutoAtlas.pac/AutoAtlas-1.png"
      }
    ],
    "unpackedTextures": [
      {
        "name": "gameplay_img_bg",
        "uuid": "cef4855b-e375-4850-b566-a542cc679594",
        "textureUuid": "39bacc3c-17bf-4b31-9f46-2f70ba26d00f",
        "path": "/Developer/Work/Work_Creator_2.1.3/fangkuainiao_wx/fkn_wx/temp/trimImages/spritesheet_js_1569574137257_image_5.png",
        "trim": {
          "x": 0,
          "y": 0,
          "width": 720,
          "height": 1280,
          "rotatedWidth": 720,
          "rotatedHeight": 1280
        },
        "rawWidth": 720,
        "rawHeight": 1280,
        "width": 726,
        "height": 1286,
        "originalPath": "/Developer/Work/Work_Creator_2.1.3/fangkuainiao_wx/fkn_wx/library/imports/39/39bacc3c-17bf-4b31-9f46-2f70ba26d00f.png"
      }
    ]
  }
}