{
  "9836134e-b892-4283-b6b2-78b5acf3ed45": {
    "asset": 1571297020000,
    "meta": 1571297020000,
    "relativePath": "effects"
  },
  "430eccbf-bf2c-4e6e-8c0c-884bbb487f32": {
    "asset": 1571297020000,
    "meta": 1573392043948,
    "relativePath": "effects/__builtin-editor-gizmo-line.effect"
  },
  "6c5cf6e1-b044-4eac-9431-835644d57381": {
    "asset": 1571297020000,
    "meta": 1573392043979,
    "relativePath": "effects/__builtin-editor-gizmo-unlit.effect"
  },
  "115286d1-2e10-49ee-aab4-341583f607e8": {
    "asset": 1571297020000,
    "meta": 1573392044037,
    "relativePath": "effects/__builtin-editor-gizmo.effect"
  },
  "abc2cb62-7852-4525-a90d-d474487b88f2": {
    "asset": 1571297020000,
    "meta": 1573392044038,
    "relativePath": "effects/builtin-phong.effect"
  },
  "f8e6b000-5643-4b86-9080-aa680ce1f599": {
    "asset": 1571297020000,
    "meta": 1571297020000,
    "relativePath": "image"
  },
  "e851e89b-faa2-4484-bea6-5c01dd9f06e2": {
    "asset": 1571297020000,
    "meta": 1573392044132,
    "relativePath": "image/default_btn_normal.png"
  },
  "71561142-4c83-4933-afca-cb7a17f67053": {
    "asset": 1571297020000,
    "meta": 1573392044132,
    "relativePath": "image/default_btn_disabled.png"
  },
  "b43ff3c2-02bb-4874-81f7-f2dea6970f18": {
    "asset": 1571297020000,
    "meta": 1573392044143,
    "relativePath": "image/default_btn_pressed.png"
  },
  "edd215b9-2796-4a05-aaf5-81f96c9281ce": {
    "asset": 1571297020000,
    "meta": 1573392044142,
    "relativePath": "image/default_editbox_bg.png"
  },
  "d81ec8ad-247c-4e62-aa3c-d35c4193c7af": {
    "asset": 1571297020000,
    "meta": 1573392044150,
    "relativePath": "image/default_panel.png"
  },
  "99170b0b-d210-46f1-b213-7d9e3f23098a": {
    "asset": 1571297020000,
    "meta": 1573392044151,
    "relativePath": "image/default_progressbar_bg.png"
  },
  "cfef78f1-c8df-49b7-8ed0-4c953ace2621": {
    "asset": 1571297020000,
    "meta": 1573392044159,
    "relativePath": "image/default_progressbar.png"
  },
  "567dcd80-8bf4-4535-8a5a-313f1caf078a": {
    "asset": 1571297020000,
    "meta": 1573392044160,
    "relativePath": "image/default_radio_button_off.png"
  },
  "9d60001f-b5f4-4726-a629-2659e3ded0b8": {
    "asset": 1571297020000,
    "meta": 1573392044170,
    "relativePath": "image/default_radio_button_on.png"
  },
  "4bab67cb-18e6-4099-b840-355f0473f890": {
    "asset": 1571297020000,
    "meta": 1573392044169,
    "relativePath": "image/default_scrollbar_bg.png"
  },
  "617323dd-11f4-4dd3-8eec-0caf6b3b45b9": {
    "asset": 1571297020000,
    "meta": 1573392044179,
    "relativePath": "image/default_scrollbar_vertical_bg.png"
  },
  "d6d3ca85-4681-47c1-b5dd-d036a9d39ea2": {
    "asset": 1571297020000,
    "meta": 1573392044180,
    "relativePath": "image/default_scrollbar_vertical.png"
  },
  "0291c134-b3da-4098-b7b5-e397edbe947f": {
    "asset": 1571297020000,
    "meta": 1573392044188,
    "relativePath": "image/default_scrollbar.png"
  },
  "0275e94c-56a7-410f-bd1a-fc7483f7d14a": {
    "asset": 1571297020000,
    "meta": 1573392044185,
    "relativePath": "image/default_sprite_splash.png"
  },
  "6e056173-d285-473c-b206-40a7fff5386e": {
    "asset": 1571297020000,
    "meta": 1573392044195,
    "relativePath": "image/default_sprite.png"
  },
  "73a0903d-d80e-4e3c-aa67-f999543c08f5": {
    "asset": 1571297020000,
    "meta": 1573392044196,
    "relativePath": "image/default_toggle_checkmark.png"
  },
  "c25b9d50-c8fc-4d27-beeb-6e7c1f2e5c0f": {
    "asset": 1571297020000,
    "meta": 1573392044206,
    "relativePath": "image/default_toggle_disabled.png"
  },
  "d29077ba-1627-4a72-9579-7b56a235340c": {
    "asset": 1571297020000,
    "meta": 1573392044205,
    "relativePath": "image/default_toggle_normal.png"
  },
  "5c3eedba-6c41-4c0c-9ba7-d91f813cbd1c": {
    "asset": 1571297020000,
    "meta": 1571297020000,
    "relativePath": "materials"
  },
  "c4480a0a-6ac5-443f-8b40-361a14257fc8": {
    "asset": 1571297020000,
    "meta": 1573392044208,
    "relativePath": "materials/builtin-phong.mtl"
  },
  "fc09f9bd-2cce-4605-b630-8145ef809ed6": {
    "asset": 1571297020000,
    "meta": 1571297020000,
    "relativePath": "misc"
  },
  "b181c1e4-0a72-4a91-bfb0-ae6f36ca60bd": {
    "asset": 1571297020000,
    "meta": 1573392044214,
    "relativePath": "image/default_toggle_pressed.png"
  },
  "db019bf7-f71c-4111-98cf-918ea180cb48": {
    "asset": 1571297020000,
    "meta": 1571297020000,
    "relativePath": "model"
  },
  "e39e96e6-6f6e-413f-bcf1-ac7679bb648a": {
    "asset": 1571297020000,
    "meta": 1571297020000,
    "relativePath": "model/prefab"
  },
  "2be36297-9abb-4fee-8049-9ed5e271da8a": {
    "asset": 1571297020000,
    "meta": 1573392044212,
    "relativePath": "misc/default_video.mp4"
  },
  "a87cc147-01b2-43f8-8e42-a7ca90b0c757": {
    "asset": 1571297020000,
    "meta": 1573392044215,
    "relativePath": "model/prefab/box.prefab"
  },
  "fe1417b6-fe6b-46a4-ae7c-9fd331f33a2a": {
    "asset": 1571297020000,
    "meta": 1573392044216,
    "relativePath": "model/prefab/capsule.prefab"
  },
  "b5fc2cf2-7942-483d-be1f-bbeadc4714ad": {
    "asset": 1571297020000,
    "meta": 1573392044217,
    "relativePath": "model/prefab/cone.prefab"
  },
  "1c5e4038-953a-44c2-b620-0bbfc6170477": {
    "asset": 1571297020000,
    "meta": 1573392044218,
    "relativePath": "model/prefab/cylinder.prefab"
  },
  "3f376125-a699-40ca-ad05-04d662eaa1f2": {
    "asset": 1571297020000,
    "meta": 1573392044219,
    "relativePath": "model/prefab/plane.prefab"
  },
  "6c9ef10d-b479-420b-bfe6-39cdda6a8ae0": {
    "asset": 1571297020000,
    "meta": 1573392044219,
    "relativePath": "model/prefab/quad.prefab"
  },
  "2d9a4b85-b0ab-4c46-84c5-18f393ab2058": {
    "asset": 1571297020000,
    "meta": 1573392044220,
    "relativePath": "model/prefab/sphere.prefab"
  },
  "de510076-056b-484f-b94c-83bef217d0e1": {
    "asset": 1571297020000,
    "meta": 1573392044239,
    "relativePath": "model/prefab/torus.prefab"
  },
  "f6e6dd15-71d1-4ffe-ace7-24fd39942c05": {
    "asset": 1571297020000,
    "meta": 1571297020000,
    "relativePath": "obsolete"
  },
  "8a96b965-2dc0-4e03-aa90-3b79cb93b5b4": {
    "asset": 1571297020000,
    "meta": 1573392044248,
    "relativePath": "obsolete/atom.png"
  },
  "f743d2b6-b7ea-4c14-a55b-547ed4d0a045": {
    "asset": 1571297020000,
    "meta": 1571297020000,
    "relativePath": "particle"
  },
  "b8223619-7e38-47c4-841f-9160c232495a": {
    "asset": 1571297020000,
    "meta": 1573392044412,
    "relativePath": "obsolete/atom.plist"
  },
  "d0a82d39-bede-46c4-b698-c81ff0dedfff": {
    "asset": 1571297020000,
    "meta": 1573392044256,
    "relativePath": "particle/atom.png"
  },
  "ae6c6c98-11e4-452f-8758-75f5c6a56e83": {
    "asset": 1571297020000,
    "meta": 1571297020000,
    "relativePath": "prefab"
  },
  "b2687ac4-099e-403c-a192-ff477686f4f5": {
    "asset": 1571297020000,
    "meta": 1573392044413,
    "relativePath": "particle/atom.plist"
  },
  "972b9a4d-47ee-4c74-b5c3-61d8a69bc29f": {
    "asset": 1571297020000,
    "meta": 1573392044258,
    "relativePath": "prefab/button.prefab"
  },
  "897ef7a1-4860-4f64-968d-f5924b18668a": {
    "asset": 1571297020000,
    "meta": 1573392044260,
    "relativePath": "prefab/camera.prefab"
  },
  "2c937608-2562-40ea-b264-7395df6f0cea": {
    "asset": 1571297020000,
    "meta": 1573392044261,
    "relativePath": "prefab/canvas.prefab"
  },
  "61aeb05b-3b32-452b-8eed-2b76deeed554": {
    "asset": 1571297020000,
    "meta": 1573392044262,
    "relativePath": "prefab/editbox.prefab"
  },
  "27756ebb-3d33-44b0-9b96-e858fadd4dd4": {
    "asset": 1571297020000,
    "meta": 1573392044263,
    "relativePath": "prefab/label.prefab"
  },
  "785a442c-3ceb-45be-a46e-7317f625f3b9": {
    "asset": 1571297020000,
    "meta": 1573392044264,
    "relativePath": "prefab/layout.prefab"
  },
  "ddb99b39-7004-47cd-9705-751905c43c46": {
    "asset": 1571297020000,
    "meta": 1573392044266,
    "relativePath": "prefab/light/directional.prefab"
  },
  "ca8401fe-ad6e-41a8-bd46-8e3e4e9945be": {
    "asset": 1571297020000,
    "meta": 1573392044270,
    "relativePath": "prefab/pageview.prefab"
  },
  "cd33edea-55f5-46c2-958d-357a01384a36": {
    "asset": 1571297020000,
    "meta": 1573392044271,
    "relativePath": "prefab/particlesystem.prefab"
  },
  "5965ffac-69da-4b55-bcde-9225d0613c28": {
    "asset": 1571297020000,
    "meta": 1573392044272,
    "relativePath": "prefab/progressBar.prefab"
  },
  "4a37dd57-78cd-4cec-aad4-f11a73d12b63": {
    "asset": 1571297020000,
    "meta": 1573392044273,
    "relativePath": "prefab/richtext.prefab"
  },
  "32044bd2-481f-4cf1-a656-e2b2fb1594eb": {
    "asset": 1571297020000,
    "meta": 1573392044275,
    "relativePath": "prefab/scrollview.prefab"
  },
  "0004d1cf-a0ad-47d8-ab17-34d3db9d35a3": {
    "asset": 1571297020000,
    "meta": 1573392044280,
    "relativePath": "prefab/slider.prefab"
  },
  "1f55e3be-b89b-4b79-88de-47fd31018044": {
    "asset": 1571297020000,
    "meta": 1573392044281,
    "relativePath": "prefab/sprite_splash.prefab"
  },
  "96083d03-c332-4a3f-9386-d03e2d19e8ee": {
    "asset": 1571297020000,
    "meta": 1573392044282,
    "relativePath": "prefab/sprite.prefab"
  },
  "7de03a80-4457-438d-95a7-3e7cdffd6086": {
    "asset": 1571297020000,
    "meta": 1573392044283,
    "relativePath": "prefab/tiledmap.prefab"
  },
  "0e42ba95-1fa1-46aa-b2cf-143cd1bcee2c": {
    "asset": 1571297020000,
    "meta": 1573392044287,
    "relativePath": "prefab/tiledtile.prefab"
  },
  "0d784963-d024-4ea6-a7db-03be0ad63010": {
    "asset": 1571297020000,
    "meta": 1573392044288,
    "relativePath": "prefab/toggle.prefab"
  },
  "bf0a434c-84dd-4a8e-a08a-7a36f180cc75": {
    "asset": 1571297020000,
    "meta": 1573392044291,
    "relativePath": "prefab/toggleContainer.prefab"
  },
  "d1b8be49-b0a0-435c-83b7-552bed4bbe35": {
    "asset": 1571297020000,
    "meta": 1573392044302,
    "relativePath": "prefab/toggleGroup.prefab"
  },
  "232d2782-c4bd-4bb4-9e01-909f03d6d3b9": {
    "asset": 1571297020000,
    "meta": 1573392044316,
    "relativePath": "prefab/videoplayer.prefab"
  },
  "d8afc78c-4eac-4a9f-83dd-67bc70344d33": {
    "asset": 1571297020000,
    "meta": 1571297020000,
    "relativePath": "resources"
  },
  "8c5001fd-07ee-4a4b-a8a0-63e15195e94d": {
    "asset": 1571297020000,
    "meta": 1573392044323,
    "relativePath": "prefab/webview.prefab"
  },
  "294c1663-4adf-4a1e-a795-53808011a38a": {
    "asset": 1571297020000,
    "meta": 1571297020000,
    "relativePath": "resources/effects"
  },
  "144c3297-af63-49e8-b8ef-1cfa29b3be28": {
    "asset": 1571297020000,
    "meta": 1573392044341,
    "relativePath": "resources/effects/builtin-2d-gray-sprite.effect"
  },
  "0e93aeaa-0b53-4e40-b8e0-6268b4e07bd7": {
    "asset": 1571297020000,
    "meta": 1573392044348,
    "relativePath": "resources/effects/builtin-2d-spine.effect"
  },
  "2874f8dd-416c-4440-81b7-555975426e93": {
    "asset": 1571297020000,
    "meta": 1573392044353,
    "relativePath": "resources/effects/builtin-2d-sprite.effect"
  },
  "c0040c95-c57f-49cd-9cbc-12316b73d0d4": {
    "asset": 1571297020000,
    "meta": 1573392044358,
    "relativePath": "resources/effects/builtin-clear-stencil.effect"
  },
  "79eafaef-b7ef-45d9-9c3f-591dc836fc7a": {
    "asset": 1571297020000,
    "meta": 1573392044375,
    "relativePath": "resources/effects/builtin-unlit-transparent.effect"
  },
  "6d91e591-4ce0-465c-809f-610ec95019c6": {
    "asset": 1571297020000,
    "meta": 1573392044388,
    "relativePath": "resources/effects/builtin-unlit.effect"
  },
  "bbee2217-c261-49bd-a8ce-708d6bcc3500": {
    "asset": 1571297020000,
    "meta": 1571297020000,
    "relativePath": "resources/materials"
  },
  "6f801092-0c37-4f30-89ef-c8d960825b36": {
    "asset": 1571297020000,
    "meta": 1573392044391,
    "relativePath": "resources/materials/builtin-2d-base.mtl"
  },
  "3a7bb79f-32fd-422e-ada2-96f518fed422": {
    "asset": 1571297020000,
    "meta": 1573392044392,
    "relativePath": "resources/materials/builtin-2d-gray-sprite.mtl"
  },
  "7afd064b-113f-480e-b793-8817d19f63c3": {
    "asset": 1571297020000,
    "meta": 1573392044393,
    "relativePath": "resources/materials/builtin-2d-spine.mtl"
  },
  "eca5d2f2-8ef6-41c2-bbe6-f9c79d09c432": {
    "asset": 1571297020000,
    "meta": 1573392044394,
    "relativePath": "resources/materials/builtin-2d-sprite.mtl"
  },
  "cf7e0bb8-a81c-44a9-ad79-d28d43991032": {
    "asset": 1571297020000,
    "meta": 1573392044395,
    "relativePath": "resources/materials/builtin-clear-stencil.mtl"
  },
  "2a296057-247c-4a1c-bbeb-0548b6c98650": {
    "asset": 1571297020000,
    "meta": 1573392044395,
    "relativePath": "resources/materials/builtin-unlit.mtl"
  },
  "954fec8b-cd16-4bb9-a3b7-7719660e7558": {
    "asset": 1571297020000,
    "meta": 1573392046146,
    "relativePath": "model/primitives.fbx"
  },
  "9ee4a71b-8a0b-459c-a509-2899ac14b7da": {
    "asset": 1573830953300,
    "meta": 1573831109071,
    "relativePath": "resources/script/scenes/GameMain.fire"
  },
  "cfccb92a-0f2b-473c-8a82-830b6e6bbd23": {
    "asset": 1569208901000,
    "meta": 1569208901000,
    "relativePath": "resources"
  },
  "1a9412b5-ebe2-4ff3-96d2-3c0a1d744b0b": {
    "asset": 1573831107922,
    "meta": 1569208901000,
    "relativePath": "resources/data"
  },
  "634e9d0a-5d83-4509-9841-2808fd108f1a": {
    "asset": 1569499397000,
    "meta": 1569208901000,
    "relativePath": "resources/data/loading"
  },
  "73646b85-28d7-4f56-9b20-fa7a7ca8cf67": {
    "asset": 1573830953297,
    "meta": 1569208901000,
    "relativePath": "resources/script"
  },
  "48d197a4-1ce1-4c80-a4b7-db0010bb0a68": {
    "asset": 1573830953288,
    "meta": 1569208901000,
    "relativePath": "resources/script/gameplay"
  },
  "3df14871-8985-4e60-8325-bfcc77b28e1e": {
    "asset": 1573830953289,
    "meta": 1569208901000,
    "relativePath": "resources/script/menus"
  },
  "d333d125-1e13-4efc-a1c4-1d90fab17305": {
    "asset": 1573830953301,
    "meta": 1569208901000,
    "relativePath": "resources/script/scenes"
  },
  "dd0a8bdf-182f-4d1a-b774-89824bcd7ac7": {
    "asset": 1573830953289,
    "meta": 1573831108723,
    "relativePath": "resources/script/menus/MainMenu.prefab"
  },
  "78446b9c-e2e6-4821-bc10-6fd768f1a28b": {
    "asset": 1569499388000,
    "meta": 1573392046209,
    "relativePath": "resources/data/loading/loadingmenu_img_bg.png"
  },
  "7bf3113e-3fab-4a24-9ee7-158ddca6b570": {
    "asset": 1573830953288,
    "meta": 1570676323000,
    "relativePath": "resources/script/base"
  },
  "c1031377-437d-4cd7-b4ea-9e4d4f6477df": {
    "asset": 1573392047240,
    "meta": 1573392047248,
    "relativePath": "resources/script/gameplay/GamePlay.prefab"
  },
  "e74db0e1-20bb-4a7a-a871-c68d2f521d2b": {
    "asset": 1573830953301,
    "meta": 1573831109071,
    "relativePath": "resources/script/scenes/GameMain.js"
  },
  "a570283b-04a2-41e7-95d2-2597d887cd54": {
    "asset": 1573830953288,
    "meta": 1573831108707,
    "relativePath": "resources/script/gameplay/GamePlay.js"
  },
  "a3ee0214-b432-4865-9666-4a3211814282": {
    "asset": 1571297020000,
    "meta": 1571297020000,
    "relativePath": "prefab/light"
  },
  "61906da3-7003-4bda-9abc-5769c76faee4": {
    "asset": 1571297020000,
    "meta": 1573392044265,
    "relativePath": "prefab/light/ambient.prefab"
  },
  "0cf30284-9073-46bc-9eba-e62b69dbbff3": {
    "asset": 1571297020000,
    "meta": 1573392044267,
    "relativePath": "prefab/light/point.prefab"
  },
  "f5331fd2-bf42-4ee3-a3fd-3e1657600eff": {
    "asset": 1571297020000,
    "meta": 1573392044268,
    "relativePath": "prefab/light/spot.prefab"
  },
  "140fe3af-740b-449e-86ff-82d88a618624": {
    "asset": 1573830953268,
    "meta": 1573830953268,
    "relativePath": "resources/data/json"
  },
  "0ffb1262-d02d-40a9-9527-9da594df8c3e": {
    "asset": 1573830953268,
    "meta": 1573831107951,
    "relativePath": "resources/data/json/test1.json"
  },
  "9a6ded45-dd72-4a04-9edb-c937dfcff54a": {
    "asset": 1573830953268,
    "meta": 1573831107952,
    "relativePath": "resources/data/json/test2.json"
  },
  "ac379373-2d0f-42ea-81b7-1f5403945e1a": {
    "asset": 1573830953275,
    "meta": 1573830953268,
    "relativePath": "resources/data/menu"
  },
  "2832cde4-e7b8-4043-9def-9369c7bf92dd": {
    "asset": 1573830953272,
    "meta": 1573831108077,
    "relativePath": "resources/data/menu/bg_2.png"
  },
  "f93dbb30-0bee-4231-9403-1b5eee1a302c": {
    "asset": 1573830953270,
    "meta": 1573831108080,
    "relativePath": "resources/data/menu/bg_1.png"
  },
  "046844b2-55a5-434c-97c0-d16181effb5d": {
    "asset": 1573830953273,
    "meta": 1573831108088,
    "relativePath": "resources/data/menu/btn_again.png"
  },
  "76b94bd2-7547-436b-8a72-c7b15813e722": {
    "asset": 1573830953273,
    "meta": 1573831108089,
    "relativePath": "resources/data/menu/btn_close.png"
  },
  "6f1a0126-ae33-4ff5-8d2b-df6976d54ff6": {
    "asset": 1573830953284,
    "meta": 1573830953275,
    "relativePath": "resources/data/music"
  },
  "07cd3308-1458-4579-b4ba-77f6f35337d1": {
    "asset": 1573830953277,
    "meta": 1573831108095,
    "relativePath": "resources/data/music/music_1.mp3"
  },
  "fa8f49b9-1ee4-4e29-9aa9-11c5280c7bf0": {
    "asset": 1573830953280,
    "meta": 1573831108099,
    "relativePath": "resources/data/music/music_2.mp3"
  },
  "38e94a93-68d0-4ca6-b3eb-1c94299d77ad": {
    "asset": 1573830953282,
    "meta": 1573831108102,
    "relativePath": "resources/data/music/music_3.mp3"
  },
  "85a8b967-f313-497c-a0a4-0f016ce94108": {
    "asset": 1573830953275,
    "meta": 1573831108103,
    "relativePath": "resources/data/menu/btn_start.png"
  },
  "1611c0d5-c989-485b-a8da-446088737abe": {
    "asset": 1573830953282,
    "meta": 1573831108106,
    "relativePath": "resources/data/music/sound_ready_go.mp3"
  },
  "3d3cf7c1-bf04-469f-b6d5-ef208907be55": {
    "asset": 1573830953283,
    "meta": 1573831108108,
    "relativePath": "resources/data/music/sound_touch.mp3"
  },
  "be59902e-6051-4381-9224-f09587af263e": {
    "asset": 1570763116000,
    "meta": 1573831107922,
    "relativePath": "resources/data/spine"
  },
  "72857d67-f0ff-4410-aee0-aaf939c08f18": {
    "asset": 1573830953283,
    "meta": 1573831108111,
    "relativePath": "resources/data/music/sound_win.mp3"
  },
  "720bfd8a-26fe-48d2-87fe-0ac7d5c2e70b": {
    "asset": 1573830953284,
    "meta": 1573831108277,
    "relativePath": "resources/script/base/Base.js"
  },
  "a2c5a5f3-e9bc-418f-9a4d-dae0664029c7": {
    "asset": 1573830953285,
    "meta": 1573831108355,
    "relativePath": "resources/script/base/BaseHttp.js"
  },
  "33c948ed-56d9-4867-9acb-73fe047fb19e": {
    "asset": 1573830953286,
    "meta": 1573831108453,
    "relativePath": "resources/script/base/BaseMenu.js"
  },
  "94b82e26-0737-4169-b1ab-3d6b779c3c3d": {
    "asset": 1573830953296,
    "meta": 1573830953289,
    "relativePath": "resources/script/menus/test"
  },
  "65811b67-32aa-4bc4-ab0d-45a287f9434d": {
    "asset": 1573830953290,
    "meta": 1573831108735,
    "relativePath": "resources/script/menus/test/DemoMenu.prefab"
  },
  "90386829-734f-430e-a089-134f24488cfd": {
    "asset": 1573873946156,
    "meta": 1573873946161,
    "relativePath": "resources/script/menus/test/TestAction.prefab"
  },
  "4b71ecfc-b599-4871-9f4d-e841207b4f84": {
    "asset": 1573830953291,
    "meta": 1573831108764,
    "relativePath": "resources/script/menus/test/TestHttp.prefab"
  },
  "4dd5106a-1d99-4fad-9041-eeeda279346b": {
    "asset": 1573974647602,
    "meta": 1573974647609,
    "relativePath": "resources/script/menus/test/TestJson.prefab"
  },
  "ac481fa6-58b0-4f6b-a33f-b4f141760482": {
    "asset": 1573830953292,
    "meta": 1573831108793,
    "relativePath": "resources/script/menus/test/TestMenu.prefab"
  },
  "02851ef1-d275-46da-9d4d-d78bc740295e": {
    "asset": 1573830953293,
    "meta": 1573831108808,
    "relativePath": "resources/script/menus/test/TestMenuMain.prefab"
  },
  "d14d7f63-4602-4c7e-87aa-f655e6feb22a": {
    "asset": 1573830953294,
    "meta": 1573831108824,
    "relativePath": "resources/script/menus/test/TestMusic.prefab"
  },
  "f5e8c209-8ca3-4755-8254-1936f23ecce2": {
    "asset": 1573977145959,
    "meta": 1573977145964,
    "relativePath": "resources/script/menus/test/TestNpc.prefab"
  },
  "80f60a06-5513-4372-bfce-439a1f3f029a": {
    "asset": 1573966974207,
    "meta": 1573966974212,
    "relativePath": "resources/script/menus/test/TestSave.prefab"
  },
  "803d5ade-e1b3-49c4-8384-c2827a1c56d9": {
    "asset": 1573830953299,
    "meta": 1573830953297,
    "relativePath": "resources/script/platform"
  },
  "e32c9b37-a4c1-4760-a457-be5bf302c6dd": {
    "asset": 1573976806311,
    "meta": 1573976806315,
    "relativePath": "resources/script/menus/test/TestUtil.prefab"
  },
  "dc4813a5-be11-4460-afd0-f84b8396cd90": {
    "asset": 1573830953297,
    "meta": 1573831108890,
    "relativePath": "resources/script/platform/NativeAndroid.js"
  },
  "c9f7be8b-8c32-43c6-8cf6-df16c3535182": {
    "asset": 1573830953297,
    "meta": 1573831108907,
    "relativePath": "resources/script/platform/NativeIos.js"
  },
  "3b5e5df6-c867-4c24-9e5b-8a85018c7aea": {
    "asset": 1573830953298,
    "meta": 1573831108933,
    "relativePath": "resources/script/platform/Platform.js"
  },
  "596f16db-e8dd-4ed1-8d89-6699dfecb56a": {
    "asset": 1573830953298,
    "meta": 1573831108960,
    "relativePath": "resources/script/platform/Stat.js"
  },
  "ea7114c9-2a40-49ac-8373-3a951d705f10": {
    "asset": 1573830953299,
    "meta": 1573831108988,
    "relativePath": "resources/script/platform/StatUmeng.js"
  },
  "2e037fd0-159d-47f2-9c23-6039b3b1fd4c": {
    "asset": 1573873524135,
    "meta": 1573873524134,
    "relativePath": "resources/data/npc"
  },
  "9da79bfe-2843-4bca-8f47-dae3c7165497": {
    "asset": 1573264488789,
    "meta": 1573873524158,
    "relativePath": "resources/data/npc/npc_1.png"
  },
  "9d1afe50-b475-41da-a239-27453bd8855f": {
    "asset": 1573264488790,
    "meta": 1573873524159,
    "relativePath": "resources/data/npc/npc_2.png"
  },
  "fdd4c599-3865-47bd-a030-6e1f5ccb9c92": {
    "asset": 1573264488789,
    "meta": 1573873524168,
    "relativePath": "resources/data/npc/npc_3.png"
  },
  "549ed36a-c024-4c58-a3f5-e86da503d452": {
    "asset": 1573962001358,
    "meta": 1573966492019,
    "relativePath": "resources/script/base/BaseAction.js"
  },
  "e837a99e-3f23-4e15-872d-e7cf34df1a64": {
    "asset": 1573966178295,
    "meta": 1573966492278,
    "relativePath": "resources/script/platform/WeiChat.js"
  },
  "5fdd6f52-72ed-4729-883f-688226c99113": {
    "asset": 1573970509960,
    "meta": 1573971167568,
    "relativePath": "resources/script/base/BaseMusic.js"
  },
  "6826f2a4-e668-41e4-980e-0bcb214ea457": {
    "asset": 1573975212291,
    "meta": 1573975417413,
    "relativePath": "resources/script/base/BaseJson.js"
  },
  "aae14856-3f20-4215-90ce-532b53c5a27a": {
    "asset": 1573975339709,
    "meta": 1573975417497,
    "relativePath": "resources/script/platform/StatAld.js"
  },
  "058c2d96-d70b-4b29-aeb1-5a8c7dc24db9": {
    "asset": 1573975608565,
    "meta": 1573975631180,
    "relativePath": "resources/script/base/BaseSav.js"
  },
  "990b5f2c-7e71-49fe-b566-6dc5ae2ce231": {
    "asset": 1573975608564,
    "meta": 1573975631211,
    "relativePath": "resources/script/platform/StatZjsdk.js"
  },
  "ee618bcc-9d6f-419e-8d72-76137cec2e0c": {
    "asset": 1573975797437,
    "meta": 1573975835473,
    "relativePath": "resources/script/base/BaseConfig.js"
  },
  "a469d980-72d2-4fb4-8e98-3e114e9d175c": {
    "asset": 1573975658954,
    "meta": 1573975835505,
    "relativePath": "resources/script/base/BaseUtil.js"
  },
  "d17a017f-c052-4791-a11b-8963fea5bfec": {
    "asset": 1573975669948,
    "meta": 1573975835516,
    "relativePath": "resources/script/base/UiAdapter.js"
  },
  "8d3ddb57-cd9b-4540-9467-87dcd61e40e8": {
    "asset": 1573976339039,
    "meta": 1573976341272,
    "relativePath": "resources/script/menus/test/TestMenu.js"
  },
  "60a22dc6-ecc4-42ba-901c-e1c00ea2b43e": {
    "asset": 1573976401357,
    "meta": 1573976638075,
    "relativePath": "resources/script/menus/test/DemoMenu.js"
  },
  "1fb12591-e9a6-47a7-a3a7-192063cba4af": {
    "asset": 1573976554486,
    "meta": 1573976638112,
    "relativePath": "resources/script/menus/test/TestHttp.js"
  },
  "589c81be-53ed-429a-ab81-2fc23415ca3b": {
    "asset": 1573976634028,
    "meta": 1573976638165,
    "relativePath": "resources/script/menus/test/TestMusic.js"
  },
  "0ae841e0-ad75-4a1c-aeb7-a5cc3db6ec93": {
    "asset": 1573976590396,
    "meta": 1573976638193,
    "relativePath": "resources/script/menus/test/TestNpc.js"
  },
  "afabe23a-51be-4cd0-8d23-66826651020c": {
    "asset": 1573976600685,
    "meta": 1573976638211,
    "relativePath": "resources/script/menus/test/TestSave.js"
  },
  "2c87e405-fd3d-4699-acad-8a15531c336f": {
    "asset": 1573976619176,
    "meta": 1573976638222,
    "relativePath": "resources/script/menus/test/TestUtil.js"
  },
  "2360cc33-42af-4ab0-8247-76b1912a6955": {
    "asset": 1573976751452,
    "meta": 1573976753610,
    "relativePath": "resources/script/menus/test/TestJson.js"
  },
  "532c8dc1-42b4-48ac-b99e-765958a87fff": {
    "asset": 1573976889574,
    "meta": 1573976918098,
    "relativePath": "resources/script/menus/MainMenu.js"
  },
  "8c730fdf-ac76-40d5-b1fb-0e0869df3c23": {
    "asset": 1573976916110,
    "meta": 1573976918098,
    "relativePath": "resources/script/menus/test/TestMenuMain.js"
  },
  "923241fb-dcc6-471a-9652-b7849c617252": {
    "asset": 1573977034462,
    "meta": 1573977036707,
    "relativePath": "resources/script/menus/test/TestAction.js"
  }
}